{
    "signal": "acc_y_filt_abs",
    "thresholds_analysis": {
        "M1": {
            "F1": {
                "Durchschnitt": 3.443506674514626,
                "Standardabweichung": 1.4916221571925443,
                "Anzahl der Werte": 7
            },
            "Youden": {
                "Durchschnitt": 2.4021341415868873,
                "Standardabweichung": 1.368525213884459,
                "Anzahl der Werte": 7
            },
            "AUC": {
                "Durchschnitt": 0.8192708101494038,
                "Standardabweichung": 0.1982876132759698,
                "Anzahl der Werte": 7
            },
            "AP": {
                "Durchschnitt": 0.2231258546891746,
                "Standardabweichung": 0.1336460128390527,
                "Anzahl der Werte": 7
            }
        },
        "M2": {
            "1.0": {
                "F1": {
                    "Durchschnitt": 3.377645399539196,
                    "Standardabweichung": 0.6457180850129458,
                    "Anzahl der Werte": 7
                },
                "Youden": {
                    "Durchschnitt": 2.240338449785743,
                    "Standardabweichung": 1.2716292143210455,
                    "Anzahl der Werte": 7
                },
                "AUC": {
                    "Durchschnitt": 0.8624332786222662,
                    "Standardabweichung": 0.1381199139381017,
                    "Anzahl der Werte": 7
                },
                "AP": {
                    "Durchschnitt": 0.3544942631378926,
                    "Standardabweichung": 0.1925676329187482,
                    "Anzahl der Werte": 7
                }
            },
            "3.0": {
                "F1": {
                    "Durchschnitt": 9.609200281801344,
                    "Standardabweichung": 2.8426581363631946,
                    "Anzahl der Werte": 7
                },
                "Youden": {
                    "Durchschnitt": 7.076103682020574,
                    "Standardabweichung": 3.4933607929214165,
                    "Anzahl der Werte": 7
                },
                "AUC": {
                    "Durchschnitt": 0.9061987682346392,
                    "Standardabweichung": 0.07863782197334324,
                    "Anzahl der Werte": 7
                },
                "AP": {
                    "Durchschnitt": 0.6246555929470474,
                    "Standardabweichung": 0.24692237943840462,
                    "Anzahl der Werte": 7
                }
            },
            "5.0": {
                "F1": {
                    "Durchschnitt": 13.09561644551622,
                    "Standardabweichung": 5.344598345265059,
                    "Anzahl der Werte": 7
                },
                "Youden": {
                    "Durchschnitt": 10.610839298935716,
                    "Standardabweichung": 5.1105493583257555,
                    "Anzahl der Werte": 7
                },
                "AUC": {
                    "Durchschnitt": 0.9178747873296745,
                    "Standardabweichung": 0.06941851627059785,
                    "Anzahl der Werte": 7
                },
                "AP": {
                    "Durchschnitt": 0.748572991300352,
                    "Standardabweichung": 0.20820561189774467,
                    "Anzahl der Werte": 7
                }
            }
        },
        "M3": {
            "1.0": {
                "F1": {
                    "Durchschnitt": 0.7480964717092579,
                    "Standardabweichung": 0.3733312226154695,
                    "Anzahl der Werte": 7
                },
                "Youden": {
                    "Durchschnitt": 0.4729690210545793,
                    "Standardabweichung": 0.2420597977068849,
                    "Anzahl der Werte": 7
                },
                "AUC": {
                    "Durchschnitt": 0.7661261068418624,
                    "Standardabweichung": 0.09237727846868972,
                    "Anzahl der Werte": 7
                },
                "AP": {
                    "Durchschnitt": 0.23632037876397086,
                    "Standardabweichung": 0.18765897592531908,
                    "Anzahl der Werte": 7
                }
            },
            "3.0": {
                "F1": {
                    "Durchschnitt": 0.48154348519510914,
                    "Standardabweichung": 0.15200449564025992,
                    "Anzahl der Werte": 7
                },
                "Youden": {
                    "Durchschnitt": 0.45592103441500564,
                    "Standardabweichung": 0.15606340547207423,
                    "Anzahl der Werte": 7
                },
                "AUC": {
                    "Durchschnitt": 0.8032610588228684,
                    "Standardabweichung": 0.1027637369873835,
                    "Anzahl der Werte": 7
                },
                "AP": {
                    "Durchschnitt": 0.39201709528642015,
                    "Standardabweichung": 0.20887804611125987,
                    "Anzahl der Werte": 7
                }
            },
            "5.0": {
                "F1": {
                    "Durchschnitt": 0.43729233964974934,
                    "Standardabweichung": 0.12990011019571418,
                    "Anzahl der Werte": 7
                },
                "Youden": {
                    "Durchschnitt": 0.43307713605164044,
                    "Standardabweichung": 0.1293646388652334,
                    "Anzahl der Werte": 7
                },
                "AUC": {
                    "Durchschnitt": 0.8024436138157943,
                    "Standardabweichung": 0.10289108303186065,
                    "Anzahl der Werte": 7
                },
                "AP": {
                    "Durchschnitt": 0.5347021159917519,
                    "Standardabweichung": 0.23701094343751278,
                    "Anzahl der Werte": 7
                }
            }
        }
    }
}