{
    "signal": "acc_x_filt_abs",
    "thresholds_analysis": {
        "M1": {
            "F1": {
                "Durchschnitt": 2.2530601675486523,
                "Standardabweichung": 0.14709624927005166,
                "Anzahl der Werte": 3
            },
            "Youden": {
                "Durchschnitt": 1.6063779657077697,
                "Standardabweichung": 0.5716559787645309,
                "Anzahl der Werte": 3
            },
            "AUC": {
                "Durchschnitt": 0.8018316939153275,
                "Standardabweichung": 0.07860472137822573,
                "Anzahl der Werte": 3
            },
            "AP": {
                "Durchschnitt": 0.16951572321778463,
                "Standardabweichung": 0.055576770971941455,
                "Anzahl der Werte": 3
            }
        },
        "M2": {
            "1.0": {
                "F1": {
                    "Durchschnitt": 2.485607827864744,
                    "Standardabweichung": 1.1040671707560346,
                    "Anzahl der Werte": 3
                },
                "Youden": {
                    "Durchschnitt": 1.6479833903007741,
                    "Standardabweichung": 0.07118959254143631,
                    "Anzahl der Werte": 3
                },
                "AUC": {
                    "Durchschnitt": 0.8395054262168357,
                    "Standardabweichung": 0.08177379107688607,
                    "Anzahl der Werte": 3
                },
                "AP": {
                    "Durchschnitt": 0.293518320814603,
                    "Standardabweichung": 0.06952149148430681,
                    "Anzahl der Werte": 3
                }
            },
            "3.0": {
                "F1": {
                    "Durchschnitt": 5.432129822685127,
                    "Standardabweichung": 0.9406802673641507,
                    "Anzahl der Werte": 3
                },
                "Youden": {
                    "Durchschnitt": 5.24777471601103,
                    "Standardabweichung": 1.1752441566562053,
                    "Anzahl der Werte": 3
                },
                "AUC": {
                    "Durchschnitt": 0.9245123210338911,
                    "Standardabweichung": 0.02966212968312714,
                    "Anzahl der Werte": 3
                },
                "AP": {
                    "Durchschnitt": 0.6588176544335965,
                    "Standardabweichung": 0.03708708311752087,
                    "Anzahl der Werte": 3
                }
            },
            "5.0": {
                "F1": {
                    "Durchschnitt": 8.853237341586627,
                    "Standardabweichung": 0.13060525518883437,
                    "Anzahl der Werte": 3
                },
                "Youden": {
                    "Durchschnitt": 7.405216682272807,
                    "Standardabweichung": 2.0804582028936727,
                    "Anzahl der Werte": 3
                },
                "AUC": {
                    "Durchschnitt": 0.9310823069043573,
                    "Standardabweichung": 0.019512965172309767,
                    "Anzahl der Werte": 3
                },
                "AP": {
                    "Durchschnitt": 0.8165573436747914,
                    "Standardabweichung": 0.029112640483870217,
                    "Anzahl der Werte": 3
                }
            }
        },
        "M3": {
            "1.0": {
                "F1": {
                    "Durchschnitt": 0.7504708441265654,
                    "Standardabweichung": 0.20519496859431138,
                    "Anzahl der Werte": 3
                },
                "Youden": {
                    "Durchschnitt": 0.3999123735552885,
                    "Standardabweichung": 0.05084500415683233,
                    "Anzahl der Werte": 3
                },
                "AUC": {
                    "Durchschnitt": 0.8782865556019918,
                    "Standardabweichung": 0.05338569916603078,
                    "Anzahl der Werte": 3
                },
                "AP": {
                    "Durchschnitt": 0.37197808275661304,
                    "Standardabweichung": 0.12902722376080328,
                    "Anzahl der Werte": 3
                }
            },
            "3.0": {
                "F1": {
                    "Durchschnitt": 0.5982468038238092,
                    "Standardabweichung": 0.26034972987633137,
                    "Anzahl der Werte": 3
                },
                "Youden": {
                    "Durchschnitt": 0.5023113062170048,
                    "Standardabweichung": 0.1301515698363209,
                    "Anzahl der Werte": 3
                },
                "AUC": {
                    "Durchschnitt": 0.9296212219356409,
                    "Standardabweichung": 0.02824279092585081,
                    "Anzahl der Werte": 3
                },
                "AP": {
                    "Durchschnitt": 0.7067140887833444,
                    "Standardabweichung": 0.02715906530491202,
                    "Anzahl der Werte": 3
                }
            },
            "5.0": {
                "F1": {
                    "Durchschnitt": 0.5032369969133771,
                    "Standardabweichung": 0.15256227705502276,
                    "Anzahl der Werte": 3
                },
                "Youden": {
                    "Durchschnitt": 0.4721000074882598,
                    "Standardabweichung": 0.10912693186183249,
                    "Anzahl der Werte": 3
                },
                "AUC": {
                    "Durchschnitt": 0.9262180802219486,
                    "Standardabweichung": 0.014935358454437286,
                    "Anzahl der Werte": 3
                },
                "AP": {
                    "Durchschnitt": 0.7244029154361469,
                    "Standardabweichung": 0.04770154344569913,
                    "Anzahl der Werte": 3
                }
            }
        }
    }
}