{
    "signal": "jerk_x_filt_abs",
    "thresholds_analysis": {
        "M1": {
            "F1": {
                "Durchschnitt": 2.995395452352294,
                "Standardabweichung": 0.41768534641548544,
                "Anzahl der Werte": 3
            },
            "Youden": {
                "Durchschnitt": 1.8874133831801023,
                "Standardabweichung": 0.41869238583615764,
                "Anzahl der Werte": 3
            },
            "AUC": {
                "Durchschnitt": 0.8351514790149905,
                "Standardabweichung": 0.02195076027645097,
                "Anzahl der Werte": 3
            },
            "AP": {
                "Durchschnitt": 0.22743082065087963,
                "Standardabweichung": 0.059091418019648255,
                "Anzahl der Werte": 3
            }
        },
        "M2": {
            "1.0": {
                "F1": {
                    "Durchschnitt": 2.717323143835463,
                    "Standardabweichung": 0.3949370072739822,
                    "Anzahl der Werte": 3
                },
                "Youden": {
                    "Durchschnitt": 1.3637341892120487,
                    "Standardabweichung": 0.21876302618351562,
                    "Anzahl der Werte": 3
                },
                "AUC": {
                    "Durchschnitt": 0.9007645051940353,
                    "Standardabweichung": 0.024842740913391597,
                    "Anzahl der Werte": 3
                },
                "AP": {
                    "Durchschnitt": 0.37416829736452245,
                    "Standardabweichung": 0.12630348205912711,
                    "Anzahl der Werte": 3
                }
            },
            "3.0": {
                "F1": {
                    "Durchschnitt": 6.374441373326341,
                    "Standardabweichung": 0.5393481874774831,
                    "Anzahl der Werte": 3
                },
                "Youden": {
                    "Durchschnitt": 5.542370076375218,
                    "Standardabweichung": 1.0096398562241105,
                    "Anzahl der Werte": 3
                },
                "AUC": {
                    "Durchschnitt": 0.9424307199472377,
                    "Standardabweichung": 0.014432695866820472,
                    "Anzahl der Werte": 3
                },
                "AP": {
                    "Durchschnitt": 0.7254797752204457,
                    "Standardabweichung": 0.08691379405437125,
                    "Anzahl der Werte": 3
                }
            },
            "5.0": {
                "F1": {
                    "Durchschnitt": 7.923100931756174,
                    "Standardabweichung": 0.8319875020794453,
                    "Anzahl der Werte": 3
                },
                "Youden": {
                    "Durchschnitt": 7.602202131829981,
                    "Standardabweichung": 1.28175871140868,
                    "Anzahl der Werte": 3
                },
                "AUC": {
                    "Durchschnitt": 0.9371873473614286,
                    "Standardabweichung": 0.01974006376159124,
                    "Anzahl der Werte": 3
                },
                "AP": {
                    "Durchschnitt": 0.7779787385377448,
                    "Standardabweichung": 0.09156920451100593,
                    "Anzahl der Werte": 3
                }
            }
        },
        "M3": {
            "1.0": {
                "F1": {
                    "Durchschnitt": NaN,
                    "Standardabweichung": NaN,
                    "Anzahl der Werte": 0
                },
                "Youden": {
                    "Durchschnitt": NaN,
                    "Standardabweichung": NaN,
                    "Anzahl der Werte": 0
                },
                "AUC": {
                    "Durchschnitt": NaN,
                    "Standardabweichung": NaN,
                    "Anzahl der Werte": 0
                },
                "AP": {
                    "Durchschnitt": NaN,
                    "Standardabweichung": NaN,
                    "Anzahl der Werte": 0
                }
            },
            "3.0": {
                "F1": {
                    "Durchschnitt": NaN,
                    "Standardabweichung": NaN,
                    "Anzahl der Werte": 0
                },
                "Youden": {
                    "Durchschnitt": NaN,
                    "Standardabweichung": NaN,
                    "Anzahl der Werte": 0
                },
                "AUC": {
                    "Durchschnitt": NaN,
                    "Standardabweichung": NaN,
                    "Anzahl der Werte": 0
                },
                "AP": {
                    "Durchschnitt": NaN,
                    "Standardabweichung": NaN,
                    "Anzahl der Werte": 0
                }
            },
            "5.0": {
                "F1": {
                    "Durchschnitt": NaN,
                    "Standardabweichung": NaN,
                    "Anzahl der Werte": 0
                },
                "Youden": {
                    "Durchschnitt": NaN,
                    "Standardabweichung": NaN,
                    "Anzahl der Werte": 0
                },
                "AUC": {
                    "Durchschnitt": NaN,
                    "Standardabweichung": NaN,
                    "Anzahl der Werte": 0
                },
                "AP": {
                    "Durchschnitt": NaN,
                    "Standardabweichung": NaN,
                    "Anzahl der Werte": 0
                }
            }
        }
    }
}