{
    "person_id": "VP2",
    "fahrt_id": "Szenario 4",
    "thresholds": {
        "acc_x_filt_abs": {
            "M1": {
                "F1": 2.287381854010283,
                "Youden": 0.7998834286060126,
                "TPR>=0.9": 0.5328972888405181,
                "AUC": 0.714890863093487,
                "AP": 0.1179858520850088
            },
            "M2": {
                "1.0": {
                    "F1": 1.6064692583149958,
                    "Youden": 1.6064692583149958,
                    "TPR>=0.9": 0.6768508473335346,
                    "AUC": 0.7503355704697987,
                    "AP": 0.2105776554838255
                },
                "3.0": {
                    "F1": 6.574326591054168,
                    "Youden": 6.574326591054168,
                    "TPR>=0.9": 3.253034407614026,
                    "AUC": 0.8977272727272728,
                    "AP": 0.6460243741765481
                },
                "5.0": {
                    "F1": 9.029598168077364,
                    "Youden": 9.029598168077364,
                    "TPR>=0.9": 7.025091218350703,
                    "AUC": 0.9428571428571428,
                    "AP": 0.85578231292517
                }
            },
            "M3": {
                "1.0": {
                    "F1": 0.5350184638612596,
                    "Youden": 0.32953136324063836,
                    "TPR>=0.9": 0.32953136324063836,
                    "AUC": 0.9131991051454138,
                    "AP": 0.5522691735756844
                },
                "3.0": {
                    "F1": 0.3547292141956897,
                    "Youden": 0.3547292141956897,
                    "TPR>=0.9": 0.3547292141956897,
                    "AUC": 0.9204545454545455,
                    "AP": 0.7449367299367298
                },
                "5.0": {
                    "F1": 0.3704392261415807,
                    "Youden": 0.3704392261415807,
                    "TPR>=0.9": 0.3704392261415807,
                    "AUC": 0.92,
                    "AP": 0.7375850340136054
                }
            }
        },
        "acc_y_filt_abs": {
            "M1": {
                "F1": 0.0017000790523538298,
                "Youden": 0.0017000790523538298,
                "TPR>=0.9": 0.056826358688568016,
                "AUC": 0.4063952462199212,
                "AP": 0.04668981293955088
            },
            "M2": {
                "1.0": {
                    "F1": 0.08667779794854533,
                    "Youden": 0.08667779794854533,
                    "TPR>=0.9": 0.13970720779993936,
                    "AUC": 0.39731543624161075,
                    "AP": 0.07644277067569531
                },
                "3.0": {
                    "F1": 0.48009253615569003,
                    "Youden": 0.48009253615569003,
                    "TPR>=0.9": 0.5958633819878537,
                    "AUC": 0.3340909090909091,
                    "AP": 0.1458892683511163
                },
                "5.0": {
                    "F1": 1.1587501187538263,
                    "Youden": 1.1587501187538263,
                    "TPR>=0.9": 1.1587501187538263,
                    "AUC": 0.30857142857142855,
                    "AP": 0.17560148100915493
                }
            },
            "M3": {
                "1.0": {
                    "F1": 0.33773951670231583,
                    "Youden": 0.18465780282845906,
                    "TPR>=0.9": 0.15439993125568618,
                    "AUC": 0.6961968680089485,
                    "AP": 0.2207400103558744
                },
                "3.0": {
                    "F1": 0.29124651394354656,
                    "Youden": 0.29124651394354656,
                    "TPR>=0.9": 0.21754134116087637,
                    "AUC": 0.7477272727272728,
                    "AP": 0.3335682454800102
                },
                "5.0": {
                    "F1": 0.25211361682310707,
                    "Youden": 0.25211361682310707,
                    "TPR>=0.9": 0.25211361682310707,
                    "AUC": 0.7314285714285714,
                    "AP": 0.3733798782670963
                }
            }
        },
        "acc_yaw_filt_abs": {
            "M1": {
                "F1": 0.000681718832437848,
                "Youden": 0.000681718832437848,
                "TPR>=0.9": 0.0014894261004412533,
                "AUC": 0.40307113019944696,
                "AP": 0.045904848498003345
            },
            "M2": {
                "1.0": {
                    "F1": 0.002657447532254256,
                    "Youden": 0.002657447532254256,
                    "TPR>=0.9": 0.0033437090325320745,
                    "AUC": 0.42192393736017897,
                    "AP": 0.07777304613471733
                },
                "3.0": {
                    "F1": 0.023288176960845494,
                    "Youden": 0.023288176960845494,
                    "TPR>=0.9": 0.023288176960845494,
                    "AUC": 0.3931818181818182,
                    "AP": 0.15897155546390698
                },
                "5.0": {
                    "F1": 0.03442330234138569,
                    "Youden": 0.03442330234138569,
                    "TPR>=0.9": 0.03442330234138569,
                    "AUC": 0.38857142857142857,
                    "AP": 0.19366246048576874
                }
            },
            "M3": {
                "1.0": {
                    "F1": 0.0013863723088325974,
                    "Youden": 0.0013863723088325974,
                    "TPR>=0.9": 0.0013863723088325974,
                    "AUC": 0.5512304250559283,
                    "AP": 0.10477746005912697
                },
                "3.0": {
                    "F1": 0.0026803070268822072,
                    "Youden": 0.0026803070268822072,
                    "TPR>=0.9": 0.0026803070268822072,
                    "AUC": 0.509090909090909,
                    "AP": 0.18660756715361976
                },
                "5.0": {
                    "F1": 0.0023031700846720964,
                    "Youden": 0.0023031700846720964,
                    "TPR>=0.9": 0.0023031700846720964,
                    "AUC": 0.44,
                    "AP": 0.208138325260174
                }
            }
        },
        "yaw_filt_abs": {
            "M1": {
                "F1": 0.0001820018530342938,
                "Youden": 0.0001820018530342938,
                "TPR>=0.9": 0.0009571079973120513,
                "AUC": 0.30175913396481735,
                "AP": 0.03934124554172475
            }
        },
        "jerk_x_filt_abs": {
            "M1": {
                "F1": 3.4711915755268725,
                "Youden": 1.7519426157196776,
                "TPR>=0.9": 0.4994846371008872,
                "AUC": 0.8430899570512443,
                "AP": 0.3106144242252647
            },
            "M2": {
                "1.0": {
                    "F1": 3.26078116092204,
                    "Youden": 1.08715419233112,
                    "TPR>=0.9": 0.886297551440562,
                    "AUC": 0.8832214765100671,
                    "AP": 0.5472823023290313
                },
                "3.0": {
                    "F1": 6.489026751075812,
                    "Youden": 4.828970915529134,
                    "TPR>=0.9": 4.828970915529134,
                    "AUC": 0.9272727272727272,
                    "AP": 0.8293215565796211
                },
                "5.0": {
                    "F1": 8.334824332411943,
                    "Youden": 8.334824332411943,
                    "TPR>=0.9": 8.334824332411943,
                    "AUC": 0.96,
                    "AP": 0.8806122448979592
                }
            }
        },
        "jerk_y_filt_abs": {
            "M1": {
                "F1": 0.6034882880715762,
                "Youden": 0.6034882880715762,
                "TPR>=0.9": 0.08606653888040362,