{
    "person_id": "VP3",
    "fahrt_id": "Szenario 4",
    "thresholds": {
        "acc_x_filt_abs": {
            "M1": {
                "F1": 2.0582128695645334,
                "Youden": 2.0582128695645334,
                "TPR>=0.9": 0.4612027171343901,
                "AUC": 0.7853102574926129,
                "AP": 0.14388347507454613
            },
            "M2": {
                "1.0": {
                    "F1": 1.8076875118113296,
                    "Youden": 1.589308914929895,
                    "TPR>=0.9": 0.480959866754742,
                    "AUC": 0.8203174603174603,
                    "AP": 0.28926676382995875
                },
                "3.0": {
                    "F1": 4.270388606614937,
                    "Youden": 3.7173232865926455,
                    "TPR>=0.9": 3.7173232865926455,
                    "AUC": 0.9099462365591398,
                    "AP": 0.7092645679602202
                },
                "5.0": {
                    "F1": 8.812588425099085,
                    "Youden": 4.468526447157624,
                    "TPR>=0.9": 4.468526447157624,
                    "AUC": 0.9035812672176309,
                    "AP": 0.8077786069880932
                }
            },
            "M3": {
                "1.0": {
                    "F1": 0.6898442303528347,
                    "Youden": 0.4478585328267417,
                    "TPR>=0.9": 0.291263333762925,
                    "AUC": 0.8028571428571429,
                    "AP": 0.25747317291401767
                },
                "3.0": {
                    "F1": 0.4808459021455438,
                    "Youden": 0.4808459021455438,
                    "TPR>=0.9": 0.4808459021455438,
                    "AUC": 0.9005376344086021,
                    "AP": 0.6843325205402875
                },
                "5.0": {
                    "F1": 0.4223727279501601,
                    "Youden": 0.4223727279501601,
                    "TPR>=0.9": 0.4223727279501601,
                    "AUC": 0.9118457300275482,
                    "AP": 0.7751078392789623
                }
            }
        },
        "acc_y_filt_abs": {
            "M1": {
                "F1": 0.26533552917035047,
                "Youden": 0.26533552917035047,
                "TPR>=0.9": 0.08739108813516037,
                "AUC": 0.4653018151118615,
                "AP": 0.03713444426498376
            },
            "M2": {
                "1.0": {
                    "F1": 0.1755048922623576,
                    "Youden": 0.1755048922623576,
                    "TPR>=0.9": 0.1755048922623576,
                    "AUC": 0.39396825396825397,
                    "AP": 0.05420509648504205
                },
                "3.0": {
                    "F1": 0.6637790080746481,
                    "Youden": 0.6637790080746481,
                    "TPR>=0.9": 0.7565088216248789,
                    "AUC": 0.2916666666666667,
                    "AP": 0.1193243502966812
                },
                "5.0": {
                    "F1": 1.168836862175278,
                    "Youden": 1.168836862175278,
                    "TPR>=0.9": 1.168836862175278,
                    "AUC": 0.23140495867768596,
                    "AP": 0.17949658794964363
                }
            },
            "M3": {
                "1.0": {
                    "F1": 0.24512114235497318,
                    "Youden": 0.22439146234227375,
                    "TPR>=0.9": 0.24512114235497318,
                    "AUC": 0.5853968253968254,
                    "AP": 0.07784653339747996
                },
                "3.0": {
                    "F1": 0.29299100279035123,
                    "Youden": 0.29299100279035123,
                    "TPR>=0.9": 0.29299100279035123,
                    "AUC": 0.48118279569892475,
                    "AP": 0.1546549303277304
                },
                "5.0": {
                    "F1": 0.2646387903663089,
                    "Youden": 0.2646387903663089,
                    "TPR>=0.9": 0.2646387903663089,
                    "AUC": 0.3856749311294766,
                    "AP": 0.21263143329316986
                }
            }
        },
        "acc_yaw_filt_abs": {
            "M1": {
                "F1": 0.0002031101064565899,
                "Youden": 0.0002031101064565899,
                "TPR>=0.9": 0.0010664031631469418,
                "AUC": 0.28849725622625577,
                "AP": 0.02828247014221468
            },
            "M2": {
                "1.0": {
                    "F1": 0.002514630420247495,
                    "Youden": 0.002514630420247495,
                    "TPR>=0.9": 0.0037900413364293163,
                    "AUC": 0.28761904761904766,
                    "AP": 0.04672561090378057
                },
                "3.0": {
                    "F1": 0.01666408065071082,
                    "Youden": 0.01666408065071082,
                    "TPR>=0.9": 0.02476009131518027,
                    "AUC": 0.24193548387096772,
                    "AP": 0.11391322111258563
                },
                "5.0": {
                    "F1": 0.037040190758043566,
                    "Youden": 0.037040190758043566,
                    "TPR>=0.9": 0.05570759950146723,
                    "AUC": 0.2369146005509642,
                    "AP": 0.17838441609831984
                }
            },
            "M3": {
                "1.0": {
                    "F1": 0.0021787868251412533,
                    "Youden": 0.0021787868251412533,
                    "TPR>=0.9": 0.0011207600044641527,
                    "AUC": 0.4165079365079365,
                    "AP": 0.056025679420355134
                },
                "3.0": {
                    "F1": 0.002153215272304525,
                    "Youden": 0.002153215272304525,
                    "TPR>=0.9": 0.002153215272304525,
                    "AUC": 0.2728494623655914,
                    "AP": 0.11735515223629701
                },
                "5.0": {
                    "F1": 0.001962120042840854,
                    "Youden": 0.001962120042840854,
                    "TPR>=0.9": 0.001962120042840854,
                    "AUC": 0.2975206611570248,
                    "AP": 0.18951740029727104
                }
            }
        },
        "yaw_filt_abs": {
            "M1": {
                "F1": 0.0016124766140400931,
                "Youden": 0.0016124766140400931,
                "TPR>=0.9": 0.002790588646347667,
                "AUC": 0.2733009708737864,
                "AP": 0.028720255245085324
            }
        },
        "jerk_x_filt_abs": {
            "M1": {
                "F1": 2.454338835229511,
                "Youden": 2.454338835229511,
                "TPR>=0.9": 0.2516546449907143,
                "AUC": 0.8051920641620937,
                "AP": 0.19277152184918067
            },
            "M2": {
                "1.0": {
                    "F1": 2.334001584823791,
                    "Youden": 1.6220805137309977,
                    "TPR>=0.9": 0.8332249724674031,
                    "AUC": 0.8831746031746032,
                    "AP": 0.32572310846088653
                },
                "3.0": {
                    "F1": 5.6640810429263375,
                    "Youden": 4.827922987619647,
                    "TPR>=0.9": 4.827922987619647,
                    "AUC": 0.9381720430107527,
                    "AP": 0.7305121524760994
                },
                "5.0": {
                    "F1": 6.762688192227698,
                    "Youden": 5.799991792449123,
                    "TPR>=0.9": 5.799991792449123,
                    "AUC": 0.9118457300275482,
                    "AP": 0.7950516874429918
                }
            }
        },
        "jerk_y_filt_abs": {
            "M1": {
                "F1": 0.028343449928001273,
                "Youden": 0.18155390364895782,