{
    "person_id": "VP2",
    "fahrt_id": "Szenario 2",
    "thresholds": {
        "acc_x_filt_abs": {
            "M1": {
                "F1": 0.320777320088703,
                "Youden": 0.3038254701517874,
                "TPR>=0.9": 0.16266748504658785,
                "AUC": 0.639581732224784,
                "AP": 0.04758622723373511
            },
            "M2": {
                "1.0": {
                    "F1": 0.5179338280049125,
                    "Youden": 0.4143819060264752,
                    "TPR>=0.9": 0.2018139921269023,
                    "AUC": 0.6585545722713864,
                    "AP": 0.07823748960838815
                },
                "3.0": {
                    "F1": 1.1536259405187013,
                    "Youden": 1.1536259405187013,
                    "TPR>=0.9": 0.5325063135375516,
                    "AUC": 0.6735294117647059,
                    "AP": 0.19812039493073974
                },
                "5.0": {
                    "F1": 1.8676974276483205,
                    "Youden": 1.8676974276483205,
                    "TPR>=0.9": 1.8676974276483205,
                    "AUC": 0.7583333333333333,
                    "AP": 0.4056807236451199
                }
            },
            "M3": {
                "1.0": {
                    "F1": 0.3003163814337653,
                    "Youden": 0.1968235390609482,
                    "TPR>=0.9": 0.10256154516286076,
                    "AUC": 0.700589970501475,
                    "AP": 0.13218553985070358
                },
                "3.0": {
                    "F1": 0.2035596678198008,
                    "Youden": 0.2035596678198008,
                    "TPR>=0.9": 0.1780033842033893,
                    "AUC": 0.7029411764705882,
                    "AP": 0.2404734463963139
                },
                "5.0": {
                    "F1": 0.19215744584911382,
                    "Youden": 0.19215744584911382,
                    "TPR>=0.9": 0.19215744584911382,
                    "AUC": 0.6055555555555556,
                    "AP": 0.2593576501471238
                }
            }
        },
        "acc_y_filt_abs": {
            "M1": {
                "F1": 3.7747516782384958,
                "Youden": 3.1382746953160154,
                "TPR>=0.9": 3.2663031997256424,
                "AUC": 0.9374694333822399,
                "AP": 0.22812732849105508
            },
            "M2": {
                "1.0": {
                    "F1": 3.3845253823014834,
                    "Youden": 2.705974955566328,
                    "TPR>=0.9": 3.018743916751498,
                    "AUC": 0.9509587020648967,
                    "AP": 0.43733912726773877
                },
                "3.0": {
                    "F1": 9.886229459887023,
                    "Youden": 9.886229459887023,
                    "TPR>=0.9": 9.886229459887023,
                    "AUC": 0.9661764705882353,
                    "AP": 0.8200641025641024
                },
                "5.0": {
                    "F1": 14.69029927350889,
                    "Youden": 14.69029927350889,
                    "TPR>=0.9": 14.69029927350889,
                    "AUC": 0.9944444444444445,
                    "AP": 0.9809090909090908
                }
            },
            "M3": {
                "1.0": {
                    "F1": 0.4181623524757862,
                    "Youden": 0.20431588256773173,
                    "TPR>=0.9": 0.12261132637688808,
                    "AUC": 0.6419616519174042,
                    "AP": 0.12222240319705614
                },
                "3.0": {
                    "F1": 0.22160552740723463,
                    "Youden": 0.22160552740723463,
                    "TPR>=0.9": 0.1756363094644618,
                    "AUC": 0.6264705882352941,
                    "AP": 0.20365878655816405
                },
                "5.0": {
                    "F1": 0.18863349363862802,
                    "Youden": 0.18863349363862802,
                    "TPR>=0.9": 0.19346216714834422,
                    "AUC": 0.6555555555555556,
                    "AP": 0.31752498862792977
                }
            }
        },
        "acc_yaw_filt_abs": {
            "M1": {
                "F1": 0.037113757924735424,
                "Youden": 0.013659653488318112,
                "TPR>=0.9": 0.008898745161363675,
                "AUC": 0.6937516011085493,
                "AP": 0.05627284175680198
            },
            "M2": {
                "1.0": {
                    "F1": 0.05541497635287449,
                    "Youden": 0.011990975866352262,
                    "TPR>=0.9": 0.013879143679171282,
                    "AUC": 0.6552359882005899,
                    "AP": 0.08099031141709548
                },
                "3.0": {
                    "F1": 0.11985703050690995,
                    "Youden": 0.06241675374063264,
                    "TPR>=0.9": 0.06241675374063264,
                    "AUC": 0.7279411764705883,
                    "AP": 0.23548452517895946
                },
                "5.0": {
                    "F1": 0.10330025127956279,
                    "Youden": 0.10330025127956279,
                    "TPR>=0.9": 0.10330025127956279,
                    "AUC": 0.7083333333333333,
                    "AP": 0.3681387906039609
                }
            },
            "M3": {
                "1.0": {
                    "F1": 0.0029340634889983876,
                    "Youden": 0.002752860578703307,
                    "TPR>=0.9": 0.002752860578703307,
                    "AUC": 0.7134955752212389,
                    "AP": 0.08501276794195922
                },
                "3.0": {
                    "F1": 0.0032641343814787034,
                    "Youden": 0.0028009247088567673,
                    "TPR>=0.9": 0.0028758021171471997,
                    "AUC": 0.7514705882352941,
                    "AP": 0.26808633506676977
                },
                "5.0": {
                    "F1": 0.002704740013156769,
                    "Youden": 0.002704740013156769,
                    "TPR>=0.9": 0.002704740013156769,
                    "AUC": 0.6888888888888889,
                    "AP": 0.3878638355108943
                }
            }
        },
        "yaw_filt_abs": {
            "M1": {
                "F1": 0.5671637578021724,
                "Youden": 0.5104653963158822,
                "TPR>=0.9": 0.5223703598700862,
                "AUC": 0.9532825636367871,
                "AP": 0.29719030095899424
            }
        },
        "jerk_x_filt_abs": {
            "M1": {
                "F1": 0.7956624415251058,
                "Youden": 0.29980107714726084,
                "TPR>=0.9": 0.07462727970173727,
                "AUC": 0.6313141898972962,
                "AP": 0.059688903235886964
            },
            "M2": {
                "1.0": {
                    "F1": 0.5412846816073376,
                    "Youden": 0.5412846816073376,
                    "TPR>=0.9": 0.19319032919278017,
                    "AUC": 0.633480825958702,
                    "AP": 0.09120143212595856
                },
                "3.0": {
                    "F1": 1.5426801892414606,
                    "Youden": 1.139278928074574,
                    "TPR>=0.9": 0.8806745490365472,
                    "AUC": 0.7,
                    "AP": 0.23522833934211643
                },
                "5.0": {
                    "F1": 2.285898073195432,
                    "Youden": 2.285898073195432,
                    "TPR>=0.9": 1.4304180343897104,
                    "AUC": 0.6472222222222223,
                    "AP": 0.32400478831513313
                }
            }
        },
        "jerk_y_filt_abs": {
            "M1": {
                "F1": 1.3901389173150362,
                "Youden": 0.4502080419638394,
                "TPR>=0.9": 0.03130384212982992,