{
    "person_id": "VP2",
    "fahrt_id": "Szenario 3",
    "thresholds": {
        "acc_x_filt_abs": {
            "M1": {
                "F1": 1.0377516025322644,
                "Youden": 0.5316683173341683,
                "TPR>=0.9": 0.14325607619624992,
                "AUC": 0.6272769434982168,
                "AP": 0.07277913538506058
            },
            "M2": {
                "1.0": {
                    "F1": 0.6727531299631387,
                    "Youden": 0.46616163577079667,
                    "TPR>=0.9": 0.2572742736400142,
                    "AUC": 0.6934523809523809,
                    "AP": 0.1281500694429407
                },
                "3.0": {
                    "F1": 1.5283500215961596,
                    "Youden": 1.37812331147585,
                    "TPR>=0.9": 1.37812331147585,
                    "AUC": 0.696078431372549,
                    "AP": 0.24388481491422667
                },
                "5.0": {
                    "F1": 2.7056872824452696,
                    "Youden": 2.7056872824452696,
                    "TPR>=0.9": 1.654154594992483,
                    "AUC": 0.6404761904761905,
                    "AP": 0.35856747416344936
                }
            },
            "M3": {
                "1.0": {
                    "F1": 0.36103509719004856,
                    "Youden": 0.3112738004336467,
                    "TPR>=0.9": 0.18140115111419078,
                    "AUC": 0.7663690476190476,
                    "AP": 0.2445801638847932
                },
                "3.0": {
                    "F1": 0.2900637922908373,
                    "Youden": 0.2900637922908373,
                    "TPR>=0.9": 0.20789306239285743,
                    "AUC": 0.7610294117647058,
                    "AP": 0.39851143650006327
                },
                "5.0": {
                    "F1": 0.24812325625733275,
                    "Youden": 0.24812325625733275,
                    "TPR>=0.9": 0.2032857193140062,
                    "AUC": 0.7523809523809524,
                    "AP": 0.5589898329546162
                }
            }
        },
        "acc_y_filt_abs": {
            "M1": {
                "F1": 3.139944294451001,
                "Youden": 1.9644429131155778,
                "TPR>=0.9": 0.27849231123626095,
                "AUC": 0.8495098274400678,
                "AP": 0.372630944870892
            },
            "M2": {
                "1.0": {
                    "F1": 2.2200535827191383,
                    "Youden": 1.3992726104938553,
                    "TPR>=0.9": 0.3174337649268446,
                    "AUC": 0.8948412698412698,
                    "AP": 0.5663114757829689
                },
                "3.0": {
                    "F1": 5.2614508667911455,
                    "Youden": 2.267822328077738,
                    "TPR>=0.9": 2.888478885104449,
                    "AUC": 0.9313725490196079,
                    "AP": 0.6901824004455583
                },
                "5.0": {
                    "F1": 6.950563838020343,
                    "Youden": 4.103990674794828,
                    "TPR>=0.9": 5.908642420594279,
                    "AUC": 0.9357142857142857,
                    "AP": 0.785777021467811
                }
            },
            "M3": {
                "1.0": {
                    "F1": 0.6504925736610662,
                    "Youden": 0.4973090584808377,
                    "TPR>=0.9": 0.4973090584808377,
                    "AUC": 0.9640376984126984,
                    "AP": 0.6733216407107017
                },
                "3.0": {
                    "F1": 0.5012910094730774,
                    "Youden": 0.5012910094730774,
                    "TPR>=0.9": 0.5012910094730774,
                    "AUC": 0.9534313725490196,
                    "AP": 0.7934972707031531
                },
                "5.0": {
                    "F1": 0.44396301987831466,
                    "Youden": 0.44396301987831466,
                    "TPR>=0.9": 0.44396301987831466,
                    "AUC": 0.9666666666666667,
                    "AP": 0.905736161986162
                }
            }
        },
        "acc_yaw_filt_abs": {
            "M1": {
                "F1": 0.431683245899289,
                "Youden": 0.13158650762765933,
                "TPR>=0.9": 0.045935228734394505,
                "AUC": 0.8786323146060229,
                "AP": 0.4958777411817831
            },
            "M2": {
                "1.0": {
                    "F1": 0.30545366223871256,
                    "Youden": 0.17635847744427702,
                    "TPR>=0.9": 0.044402674775387535,
                    "AUC": 0.9077380952380951,
                    "AP": 0.5676543165667308
                },
                "3.0": {
                    "F1": 0.6314253480604093,
                    "Youden": 0.33572056211556994,
                    "TPR>=0.9": 0.41396013116595876,
                    "AUC": 0.9375,
                    "AP": 0.6857386035017614
                },
                "5.0": {
                    "F1": 0.7253352371218825,
                    "Youden": 0.5968228182448082,
                    "TPR>=0.9": 0.7253352371218825,
                    "AUC": 0.9476190476190476,
                    "AP": 0.8674055111555111
                }
            },
            "M3": {
                "1.0": {
                    "F1": 0.029912446602745814,
                    "Youden": 0.00920958711717703,
                    "TPR>=0.9": 0.009583145178843839,
                    "AUC": 0.9350198412698413,
                    "AP": 0.6792276639298076
                },
                "3.0": {
                    "F1": 0.02513097522307779,
                    "Youden": 0.00899531730030196,
                    "TPR>=0.9": 0.01016763184809071,
                    "AUC": 0.928921568627451,
                    "AP": 0.7875220458553791
                },
                "5.0": {
                    "F1": 0.00941715771030895,
                    "Youden": 0.00941715771030895,
                    "TPR>=0.9": 0.00941715771030895,
                    "AUC": 0.9500000000000001,
                    "AP": 0.882649587612823
                }
            }
        },
        "yaw_filt_abs": {
            "M1": {
                "F1": 0.32794501048114494,
                "Youden": 0.1671120217058368,
                "TPR>=0.9": 0.006094813592223924,
                "AUC": 0.7573765772681476,
                "AP": 0.11687855763937792
            }
        },
        "jerk_x_filt_abs": {
            "M1": {
                "F1": 1.8257899795950199,
                "Youden": 1.0467033581952951,
                "TPR>=0.9": 0.09744499929510121,
                "AUC": 0.7061523453117754,
                "AP": 0.18190347204121365
            },
            "M2": {
                "1.0": {
                    "F1": 1.078749757080287,
                    "Youden": 0.9382907198246451,
                    "TPR>=0.9": 0.27150111946832123,
                    "AUC": 0.7780257936507936,
                    "AP": 0.27307198068553107
                },
                "3.0": {
                    "F1": 2.193088551116386,
                    "Youden": 1.9885510959225525,
                    "TPR>=0.9": 1.3598557497469517,
                    "AUC": 0.7879901960784315,
                    "AP": 0.3428570983025373
                },
                "5.0": {
                    "F1": 3.537653820487053,
                    "Youden": 3.537653820487053,
                    "TPR>=0.9": 2.4032399424225392,
                    "AUC": 0.7476190476190476,
                    "AP": 0.5450301241967908
                }
            }
        },
        "jerk_y_filt_abs": {
            "M1": {
                "F1": 3.624597934655239,
                "Youden": 1.6340439405276679,
                "TPR>=0.9": 0.3822686117023793,
                "AUC": 0.832077915847047,