{
    "person_id": "VP4",
    "fahrt_id": "Szenario 4",
    "thresholds": {
        "acc_x_filt_abs": {
            "M1": {
                "F1": 2.4135857790711412,
                "Youden": 1.9610375989527629,
                "TPR>=0.9": 0.7247747909443388,
                "AUC": 0.9052939611598829,
                "AP": 0.24667784249379898
            },
            "M2": {
                "1.0": {
                    "F1": 4.0426667134679075,
                    "Youden": 1.7481719976574324,
                    "TPR>=0.9": 0.827274189770381,
                    "AUC": 0.9478632478632478,
                    "AP": 0.38071054313002467
                },
                "3.0": {
                    "F1": 5.451674270386276,
                    "Youden": 5.451674270386276,
                    "TPR>=0.9": 5.451674270386276,
                    "AUC": 0.9658634538152611,
                    "AP": 0.6211640211640211
                },
                "5.0": {
                    "F1": 8.717525431583434,
                    "Youden": 8.717525431583434,
                    "TPR>=0.9": 4.423507587277361,
                    "AUC": 0.946808510638298,
                    "AP": 0.7861111111111111
                }
            },
            "M3": {
                "1.0": {
                    "F1": 1.0265498381656017,
                    "Youden": 0.4223472245984856,
                    "TPR>=0.9": 0.4223472245984856,
                    "AUC": 0.9188034188034189,
                    "AP": 0.30619190178013705
                },
                "3.0": {
                    "F1": 0.9591652951301943,
                    "Youden": 0.6713588023097808,
                    "TPR>=0.9": 0.6713588023097808,
                    "AUC": 0.9678714859437751,
                    "AP": 0.6908730158730159
                },
                "5.0": {
                    "F1": 0.7168990366483906,
                    "Youden": 0.6234880683730386,
                    "TPR>=0.9": 0.6234880683730386,
                    "AUC": 0.946808510638298,
                    "AP": 0.660515873015873
                }
            }
        },
        "acc_y_filt_abs": {
            "M1": {
                "F1": 0.263894655927607,
                "Youden": 0.263894655927607,
                "TPR>=0.9": 0.08262199258603381,
                "AUC": 0.42833495906121605,
                "AP": 0.017515543222469156
            },
            "M2": {
                "1.0": {
                    "F1": 0.23937408664490956,
                    "Youden": 0.18899259373575622,
                    "TPR>=0.9": 0.18899259373575622,
                    "AUC": 0.38504273504273506,
                    "AP": 0.028175693696159528
                },
                "3.0": {
                    "F1": 0.9482008651724062,
                    "Youden": 0.9482008651724062,
                    "TPR>=0.9": 0.9482008651724062,
                    "AUC": 0.4216867469879518,
                    "AP": 0.06503155814804559
                },
                "5.0": {
                    "F1": 1.1783184644237854,
                    "Youden": 1.1783184644237854,
                    "TPR>=0.9": 1.1783184644237854,
                    "AUC": 0.4361702127659574,
                    "AP": 0.11502001035261782
                }
            },
            "M3": {
                "1.0": {
                    "F1": 0.2137857038053531,
                    "Youden": 0.2137857038053531,
                    "TPR>=0.9": 0.2137857038053531,
                    "AUC": 0.5837606837606838,
                    "AP": 0.04242960913584777
                },
                "3.0": {
                    "F1": 0.32804001883865597,
                    "Youden": 0.2943226515626237,
                    "TPR>=0.9": 0.2943226515626237,
                    "AUC": 0.6586345381526104,
                    "AP": 0.10564036962063278
                },
                "5.0": {
                    "F1": 0.4111258320728486,
                    "Youden": 0.4111258320728486,
                    "TPR>=0.9": 0.17626276938084826,
                    "AUC": 0.5602836879432624,
                    "AP": 0.15998303167420813
                }
            }
        },
        "acc_yaw_filt_abs": {
            "M1": {
                "F1": 0.007061715811802521,
                "Youden": 0.007061715811802521,
                "TPR>=0.9": 0.007155946693833426,
                "AUC": 0.38902190298838346,
                "AP": 0.016352375585026575
            },
            "M2": {
                "1.0": {
                    "F1": 0.008904530350374574,
                    "Youden": 0.008904530350374574,
                    "TPR>=0.9": 0.008904530350374574,
                    "AUC": 0.3897435897435898,
                    "AP": 0.028508099894313802
                },
                "3.0": {
                    "F1": 0.022672378983505805,
                    "Youden": 0.022672378983505805,
                    "TPR>=0.9": 0.022672378983505805,
                    "AUC": 0.3353413654618474,
                    "AP": 0.05589306380419337
                },
                "5.0": {
                    "F1": 0.09368818304961099,
                    "Youden": 0.09368818304961099,
                    "TPR>=0.9": 0.09368818304961099,
                    "AUC": 0.34042553191489355,
                    "AP": 0.1006801014810168
                }
            },
            "M3": {
                "1.0": {
                    "F1": 0.010701624274581023,
                    "Youden": 0.010701624274581023,
                    "TPR>=0.9": 0.001225985146902311,
                    "AUC": 0.5615384615384615,
                    "AP": 0.08314833132194702
                },
                "3.0": {
                    "F1": 0.008207852340795026,
                    "Youden": 0.008207852340795026,
                    "TPR>=0.9": 0.0014933659693092856,
                    "AUC": 0.5542168674698795,
                    "AP": 0.11497065087527919
                },
                "5.0": {
                    "F1": 0.006771136768131114,
                    "Youden": 0.006771136768131114,
                    "TPR>=0.9": 0.0014115074234139686,
                    "AUC": 0.5602836879432624,
                    "AP": 0.20943005943005943
                }
            }
        },
        "yaw_filt_abs": {
            "M1": {
                "F1": 0.003608052459245675,
                "Youden": 0.003608052459245675,
                "TPR>=0.9": 0.004480970357526789,
                "AUC": 0.26221512813691583,
                "AP": 0.013878245891690556
            }
        },
        "jerk_x_filt_abs": {
            "M1": {
                "F1": 3.0606559463004976,
                "Youden": 1.455958698591119,
                "TPR>=0.9": 0.6330192182861083,
                "AUC": 0.8571724158316337,
                "AP": 0.17890651587819345
            },
            "M2": {
                "1.0": {
                    "F1": 2.5571866857605587,
                    "Youden": 1.3819678615740285,
                    "TPR>=0.9": 1.3819678615740285,
                    "AUC": 0.9358974358974359,
                    "AP": 0.2494994813036495
                },
                "3.0": {
                    "F1": 6.970216325976876,
                    "Youden": 6.970216325976876,
                    "TPR>=0.9": 6.970216325976876,
                    "AUC": 0.961847389558233,
                    "AP": 0.6166056166056166
                },
                "5.0": {
                    "F1": 8.67179027062888,
                    "Youden": 8.67179027062888,
                    "TPR>=0.9": 8.67179027062888,
                    "AUC": 0.9397163120567376,
                    "AP": 0.6582722832722833
                }
            }
        },
        "jerk_y_filt_abs": {
            "M1": {
                "F1": 1.192752608422104,
                "Youden": 0.4544478439964536,
                "TPR>=0.9": 0.04990606265377334,