{
    "person_id": "VP3",
    "fahrt_id": "Szenario 3",
    "thresholds": {
        "acc_x_filt_abs": {
            "M1": {
                "F1": 0.6167836552503189,
                "Youden": 0.2351263682088678,
                "TPR>=0.9": 0.054810370717040674,
                "AUC": 0.629914951312708,
                "AP": 0.05889620443447955
            },
            "M2": {
                "1.0": {
                    "F1": 0.9479409559171401,
                    "Youden": 0.25799064288482526,
                    "TPR>=0.9": 0.30261321726679813,
                    "AUC": 0.6748084291187739,
                    "AP": 0.10797029712571612
                },
                "3.0": {
                    "F1": 2.7761752154964587,
                    "Youden": 1.3736195270042426,
                    "TPR>=0.9": 1.3736195270042426,
                    "AUC": 0.7665094339622641,
                    "AP": 0.27091439240272913
                },
                "5.0": {
                    "F1": 4.571405888207368,
                    "Youden": 4.571405888207368,
                    "TPR>=0.9": 2.713558157661843,
                    "AUC": 0.8576923076923078,
                    "AP": 0.7066691927447075
                }
            },
            "M3": {
                "1.0": {
                    "F1": 0.5005467212921483,
                    "Youden": 0.3268794541929265,
                    "TPR>=0.9": 0.2277947347007061,
                    "AUC": 0.7504789272030651,
                    "AP": 0.21491984424779564
                },
                "3.0": {
                    "F1": 0.3603790164745618,
                    "Youden": 0.3603790164745618,
                    "TPR>=0.9": 0.3603790164745618,
                    "AUC": 0.7688679245283019,
                    "AP": 0.3047904222868235
                },
                "5.0": {
                    "F1": 0.4135619166733337,
                    "Youden": 0.4135619166733337,
                    "TPR>=0.9": 0.4135619166733337,
                    "AUC": 0.8807692307692309,
                    "AP": 0.7372619047619047
                }
            }
        },
        "acc_y_filt_abs": {
            "M1": {
                "F1": 3.824295586140374,
                "Youden": 0.9431637717173456,
                "TPR>=0.9": 0.6469961369091144,
                "AUC": 0.7755146061876,
                "AP": 0.12305106318959294
            },
            "M2": {
                "1.0": {
                    "F1": 3.3263881462328158,
                    "Youden": 0.9084189838375512,
                    "TPR>=0.9": 0.5511335195052882,
                    "AUC": 0.8050766283524905,
                    "AP": 0.20024597919919135
                },
                "3.0": {
                    "F1": 5.5556472415287885,
                    "Youden": 3.4572153706634334,
                    "TPR>=0.9": 1.7791618701899379,
                    "AUC": 0.8160377358490566,
                    "AP": 0.34571423887280667
                },
                "5.0": {
                    "F1": 4.710938482165439,
                    "Youden": 4.710938482165439,
                    "TPR>=0.9": 4.827404212415633,
                    "AUC": 0.8461538461538463,
                    "AP": 0.6630952380952381
                }
            },
            "M3": {
                "1.0": {
                    "F1": 1.526443899132562,
                    "Youden": 0.3814504698947426,
                    "TPR>=0.9": 0.42567931937884645,
                    "AUC": 0.7389846743295019,
                    "AP": 0.2171994679667545
                },
                "3.0": {
                    "F1": 0.47558777916433065,
                    "Youden": 0.3959062604572279,
                    "TPR>=0.9": 0.3959062604572279,
                    "AUC": 0.7240566037735849,
                    "AP": 0.3427042883621831
                },
                "5.0": {
                    "F1": 0.4100049144624659,
                    "Youden": 0.4100049144624659,
                    "TPR>=0.9": 0.45661062106159966,
                    "AUC": 0.7384615384615385,
                    "AP": 0.5909266612823618
                }
            }
        },
        "acc_yaw_filt_abs": {
            "M1": {
                "F1": 0.423234158286795,
                "Youden": 0.06485637334030846,
                "TPR>=0.9": 0.01749742019720497,
                "AUC": 0.7609084185874523,
                "AP": 0.12710602820373154
            },
            "M2": {
                "1.0": {
                    "F1": 0.2960113829741396,
                    "Youden": 0.09704814541203675,
                    "TPR>=0.9": 0.02590978714155085,
                    "AUC": 0.7811302681992337,
                    "AP": 0.2540647804954482
                },
                "3.0": {
                    "F1": 0.750016764730934,
                    "Youden": 0.6448038466871211,
                    "TPR>=0.9": 0.15789869998166112,
                    "AUC": 0.8349056603773585,
                    "AP": 0.50936004784689
                },
                "5.0": {
                    "F1": 0.38929751323904077,
                    "Youden": 0.38929751323904077,
                    "TPR>=0.9": 0.5358625970392275,
                    "AUC": 0.8346153846153846,
                    "AP": 0.71
                }
            },
            "M3": {
                "1.0": {
                    "F1": 0.0236269284234146,
                    "Youden": 0.012365694650997633,
                    "TPR>=0.9": 0.012365694650997633,
                    "AUC": 0.8615900383141762,
                    "AP": 0.253161501422371
                },
                "3.0": {
                    "F1": 0.013481891348255587,
                    "Youden": 0.009678498046102553,
                    "TPR>=0.9": 0.009678498046102553,
                    "AUC": 0.8490566037735849,
                    "AP": 0.4432910839160839
                },
                "5.0": {
                    "F1": 0.012948953796824385,
                    "Youden": 0.011791684632797238,
                    "TPR>=0.9": 0.012948953796824385,
                    "AUC": 0.8923076923076922,
                    "AP": 0.7233433233433233
                }
            }
        },
        "yaw_filt_abs": {
            "M1": {
                "F1": 0.07972808134936119,
                "Youden": 0.07972808134936119,
                "TPR>=0.9": 0.08194548525062474,
                "AUC": 0.699648711943794,
                "AP": 0.06555751077482797
            }
        },
        "jerk_x_filt_abs": {
            "M1": {
                "F1": 2.2525622138672006,
                "Youden": 0.6799860668618276,
                "TPR>=0.9": 0.10654041930340775,
                "AUC": 0.5988228768642919,
                "AP": 0.06423369302975875
            },
            "M2": {
                "1.0": {
                    "F1": 1.024970897563826,
                    "Youden": 0.7376333904431653,
                    "TPR>=0.9": 0.5377900254099393,
                    "AUC": 0.7404214559386972,
                    "AP": 0.1506720422073683
                },
                "3.0": {
                    "F1": 3.723406037792802,
                    "Youden": 3.0305552754530285,
                    "TPR>=0.9": 2.1170399831515025,
                    "AUC": 0.8419811320754718,
                    "AP": 0.47877104620525673
                },
                "5.0": {
                    "F1": 5.214294301014093,
                    "Youden": 4.833259937722035,
                    "TPR>=0.9": 5.214294301014093,
                    "AUC": 0.9307692307692307,
                    "AP": 0.8511752136752136
                }
            }
        },
        "jerk_y_filt_abs": {
            "M1": {
                "F1": 2.0275458671619955,
                "Youden": 1.0913806052805093,
                "TPR>=0.9": 0.17044118270694153,
                "AUC": 0.7279982743744609,