{
    "person_id": "VP3",
    "fahrt_id": "Szenario 2",
    "thresholds": {
        "acc_x_filt_abs": {
            "M1": {
                "F1": 1.4747677870185116,
                "Youden": 1.1315261032496493,
                "TPR>=0.9": 1.2071046350554453,
                "AUC": 0.8146765654727438,
                "AP": 0.07932255385808158
            },
            "M2": {
                "1.0": {
                    "F1": 1.5057701433506452,
                    "Youden": 1.1970997430846635,
                    "TPR>=0.9": 1.1970997430846635,
                    "AUC": 0.8427230046948357,
                    "AP": 0.14339224715453208
                },
                "3.0": {
                    "F1": 5.600391663799619,
                    "Youden": 3.424450403439702,
                    "TPR>=0.9": 3.424450403439702,
                    "AUC": 0.8925925925925926,
                    "AP": 0.48960616689800873
                },
                "5.0": {
                    "F1": 7.062442719643011,
                    "Youden": 6.6194528874182375,
                    "TPR>=0.9": 6.6194528874182375,
                    "AUC": 0.9210526315789475,
                    "AP": 0.6826119640887786
                }
            },
            "M3": {
                "1.0": {
                    "F1": 0.3768735819958496,
                    "Youden": 0.20007517403130531,
                    "TPR>=0.9": 0.15755481082974887,
                    "AUC": 0.680907668231612,
                    "AP": 0.09292327645087356
                },
                "3.0": {
                    "F1": 0.3876912976901204,
                    "Youden": 0.32451197626523254,
                    "TPR>=0.9": 0.25935712671642525,
                    "AUC": 0.8160493827160494,
                    "AP": 0.39237167091156905
                },
                "5.0": {
                    "F1": 0.35664413690930136,
                    "Youden": 0.31343574464816587,
                    "TPR>=0.9": 0.31343574464816587,
                    "AUC": 0.8892543859649122,
                    "AP": 0.6822656224557971
                }
            }
        },
        "acc_y_filt_abs": {
            "M1": {
                "F1": 4.301135291486001,
                "Youden": 3.461439694763783,
                "TPR>=0.9": 3.8472845410255765,
                "AUC": 0.9449706344610804,
                "AP": 0.25102811346466586
            },
            "M2": {
                "1.0": {
                    "F1": 3.670564417812666,
                    "Youden": 3.670564417812666,
                    "TPR>=0.9": 3.7005046091208986,
                    "AUC": 0.9625978090766822,
                    "AP": 0.406940776820619
                },
                "3.0": {
                    "F1": 11.997359568220812,
                    "Youden": 10.6758530472485,
                    "TPR>=0.9": 11.330479985206196,
                    "AUC": 0.9919753086419754,
                    "AP": 0.9528322440087146
                },
                "5.0": {
                    "F1": 16.168151031237663,
                    "Youden": 15.50289915058008,
                    "TPR>=0.9": 15.50289915058008,
                    "AUC": 0.9682017543859649,
                    "AP": 0.9179534007659007
                }
            },
            "M3": {
                "1.0": {
                    "F1": 0.7146470710152019,
                    "Youden": 0.32397208099487157,
                    "TPR>=0.9": 0.32397208099487157,
                    "AUC": 0.7150234741784038,
                    "AP": 0.10335877644116674
                },
                "3.0": {
                    "F1": 0.501031635953722,
                    "Youden": 0.40135599920010073,
                    "TPR>=0.9": 0.41883847717911366,
                    "AUC": 0.7746913580246914,
                    "AP": 0.3907754779701366
                },
                "5.0": {
                    "F1": 0.4664055820655607,
                    "Youden": 0.4368991568787986,
                    "TPR>=0.9": 0.4664055820655607,
                    "AUC": 0.7467105263157895,
                    "AP": 0.46903919348996465
                }
            }
        },
        "acc_yaw_filt_abs": {
            "M1": {
                "F1": 0.04355321926918487,
                "Youden": 0.019802654239075224,
                "TPR>=0.9": 0.021596616985503997,
                "AUC": 0.5872280585656382,
                "AP": 0.034764144123741694
            },
            "M2": {
                "1.0": {
                    "F1": 0.019706137720020514,
                    "Youden": 0.019706137720020514,
                    "TPR>=0.9": 0.021599262934384342,
                    "AUC": 0.5380281690140845,
                    "AP": 0.04993577899671362
                },
                "3.0": {
                    "F1": 0.11189252221629338,
                    "Youden": 0.11189252221629338,
                    "TPR>=0.9": 0.07439155350313807,
                    "AUC": 0.5265432098765432,
                    "AP": 0.12644663739820036
                },
                "5.0": {
                    "F1": 0.10922089326672038,
                    "Youden": 0.10922089326672038,
                    "TPR>=0.9": 0.1468422283552243,
                    "AUC": 0.5833333333333334,
                    "AP": 0.2710352597285656
                }
            },
            "M3": {
                "1.0": {
                    "F1": 0.0016530403062558917,
                    "Youden": 0.0016530403062558917,
                    "TPR>=0.9": 0.0016530403062558917,
                    "AUC": 0.4945226917057903,
                    "AP": 0.0505027963206011
                },
                "3.0": {
                    "F1": 0.005183600376221935,
                    "Youden": 0.00319551247780881,
                    "TPR>=0.9": 0.00355225033104995,
                    "AUC": 0.6203703703703703,
                    "AP": 0.16691805675459914
                },
                "5.0": {
                    "F1": 0.003595961675578113,
                    "Youden": 0.003595961675578113,
                    "TPR>=0.9": 0.0037599466642460476,
                    "AUC": 0.611842105263158,
                    "AP": 0.2782427636779887
                }
            }
        },
        "yaw_filt_abs": {
            "M1": {
                "F1": 0.819079969656961,
                "Youden": 0.8107042405318132,
                "TPR>=0.9": 0.825888101113827,
                "AUC": 0.9334829183555298,
                "AP": 0.1962392390105443
            }
        },
        "jerk_x_filt_abs": {
            "M1": {
                "F1": 0.8898301225463758,
                "Youden": 0.4310334380617743,
                "TPR>=0.9": 0.1607305420958572,
                "AUC": 0.6290739515261808,
                "AP": 0.042721459525387875
            },
            "M2": {
                "1.0": {
                    "F1": 0.6170495028788238,
                    "Youden": 0.6170495028788238,
                    "TPR>=0.9": 0.2813489704279102,
                    "AUC": 0.6585289514866979,
                    "AP": 0.07110277985579909
                },
                "3.0": {
                    "F1": 2.851404994515601,
                    "Youden": 1.8113326718572056,
                    "TPR>=0.9": 1.1759091306166438,
                    "AUC": 0.7253086419753086,
                    "AP": 0.2773039230748859
                },
                "5.0": {
                    "F1": 3.5268549869762484,
                    "Youden": 2.708895120775543,
                    "TPR>=0.9": 2.799087182849055,
                    "AUC": 0.7861842105263158,
                    "AP": 0.41035468581648643
                }
            }
        },
        "jerk_y_filt_abs": {
            "M1": {
                "F1": 0.9023171387320658,
                "Youden": 0.9023171387320658,
                "TPR>=0.9": 0.24265165593444793,