{
    "person_id": "VP4",
    "fahrt_id": "Szenario 2",
    "thresholds": {
        "acc_x_filt_abs": {
            "M1": {
                "F1": 1.6848320088983455,
                "Youden": 1.4421324578402186,
                "TPR>=0.9": 1.4421324578402186,
                "AUC": 0.8007673980496454,
                "AP": 0.07197099073478534
            },
            "M2": {
                "1.0": {
                    "F1": 1.6530109856787956,
                    "Youden": 1.210518726079992,
                    "TPR>=0.9": 1.2971579650587992,
                    "AUC": 0.8273396424815982,
                    "AP": 0.12665019317426376
                },
                "3.0": {
                    "F1": 4.6775158324977415,
                    "Youden": 3.8151932864299227,
                    "TPR>=0.9": 4.6775158324977415,
                    "AUC": 0.8656462585034013,
                    "AP": 0.38791008552741174
                },
                "5.0": {
                    "F1": 9.853270362758476,
                    "Youden": 7.412464907188695,
                    "TPR>=0.9": 7.412464907188695,
                    "AUC": 0.8888888888888888,
                    "AP": 0.5425383145691063
                }
            },
            "M3": {
                "1.0": {
                    "F1": 0.5121376305004723,
                    "Youden": 0.26690330271178114,
                    "TPR>=0.9": 0.1717539374741125,
                    "AUC": 0.7284963196635121,
                    "AP": 0.10601460560653704
                },
                "3.0": {
                    "F1": 0.34635114593897864,
                    "Youden": 0.2983676078921242,
                    "TPR>=0.9": 0.2983676078921242,
                    "AUC": 0.7627551020408164,
                    "AP": 0.25948990367788327
                },
                "5.0": {
                    "F1": 0.35891842782726,
                    "Youden": 0.35891842782726,
                    "TPR>=0.9": 0.35891842782726,
                    "AUC": 0.8249158249158249,
                    "AP": 0.3928054486140338
                }
            }
        },
        "acc_y_filt_abs": {
            "M1": {
                "F1": 4.937558568619506,
                "Youden": 4.023739455086169,
                "TPR>=0.9": 4.673215418389953,
                "AUC": 0.9104194370567376,
                "AP": 0.14997187066636766
            },
            "M2": {
                "1.0": {
                    "F1": 4.547374845057296,
                    "Youden": 3.813998641327438,
                    "TPR>=0.9": 3.91329170951193,
                    "AUC": 0.9110410094637225,
                    "AP": 0.2301099844003039
                },
                "3.0": {
                    "F1": 12.619675465664894,
                    "Youden": 10.910477257579158,
                    "TPR>=0.9": 12.619675465664894,
                    "AUC": 0.9336734693877551,
                    "AP": 0.578107424982425
                },
                "5.0": {
                    "F1": 20.436299915909053,
                    "Youden": 17.92931298317316,
                    "TPR>=0.9": 18.43637988148179,
                    "AUC": 0.9292929292929294,
                    "AP": 0.6562409812409813
                }
            },
            "M3": {
                "1.0": {
                    "F1": 0.5130422792342628,
                    "Youden": 0.5130422792342628,
                    "TPR>=0.9": 0.3863299182266935,
                    "AUC": 0.7331230283911672,
                    "AP": 0.08363995523784297
                },
                "3.0": {
                    "F1": 0.5398219606728051,
                    "Youden": 0.5398219606728051,
                    "TPR>=0.9": 0.5610519797290157,
                    "AUC": 0.7797619047619047,
                    "AP": 0.22098995958615084
                },
                "5.0": {
                    "F1": 0.5329051848232248,
                    "Youden": 0.5329051848232248,
                    "TPR>=0.9": 0.5329051848232248,
                    "AUC": 0.7878787878787878,
                    "AP": 0.44171509299489664
                }
            }
        },
        "acc_yaw_filt_abs": {
            "M1": {
                "F1": 0.0526565517212467,
                "Youden": 0.02302641282703472,
                "TPR>=0.9": 0.012659391800227864,
                "AUC": 0.5206394060283688,
                "AP": 0.030184217896806892
            },
            "M2": {
                "1.0": {
                    "F1": 0.073110132954956,
                    "Youden": 0.015896874334018464,
                    "TPR>=0.9": 0.016451114442252227,
                    "AUC": 0.5064143007360673,
                    "AP": 0.04627807785045956
                },
                "3.0": {
                    "F1": 0.11828405863655853,
                    "Youden": 0.11828405863655853,
                    "TPR>=0.9": 0.11828405863655853,
                    "AUC": 0.4982993197278911,
                    "AP": 0.10834680198286117
                },
                "5.0": {
                    "F1": 0.3631567044433231,
                    "Youden": 0.3631567044433231,
                    "TPR>=0.9": 0.24879016191159406,
                    "AUC": 0.5774410774410774,
                    "AP": 0.20109871056951695
                }
            },
            "M3": {
                "1.0": {
                    "F1": 0.006101928413462045,
                    "Youden": 0.006101928413462045,
                    "TPR>=0.9": 0.0024580333217158823,
                    "AUC": 0.5634069400630914,
                    "AP": 0.0556297096015775
                },
                "3.0": {
                    "F1": 0.00737950940829319,
                    "Youden": 0.00737950940829319,
                    "TPR>=0.9": 0.004214770206264754,
                    "AUC": 0.5901360544217686,
                    "AP": 0.13857418575917388
                },
                "5.0": {
                    "F1": 0.006328729812818941,
                    "Youden": 0.006328729812818941,
                    "TPR>=0.9": 0.004730674849136783,
                    "AUC": 0.5942760942760943,
                    "AP": 0.2401241587443708
                }
            }
        },
        "yaw_filt_abs": {
            "M1": {
                "F1": 0.9378554098134738,
                "Youden": 0.9378554098134738,
                "TPR>=0.9": 0.9570711923348891,
                "AUC": 0.9030779033687943,
                "AP": 0.1288790949139615
            }
        },
        "jerk_x_filt_abs": {
            "M1": {
                "F1": 1.2705891563039622,
                "Youden": 1.2705891563039622,
                "TPR>=0.9": 0.2010483580489201,
                "AUC": 0.6133089539007092,
                "AP": 0.04828144570129177
            },
            "M2": {
                "1.0": {
                    "F1": 1.3855300316895816,
                    "Youden": 0.6226602828488195,
                    "TPR>=0.9": 0.5050350700871393,
                    "AUC": 0.6813880126182965,
                    "AP": 0.08422327853800281
                },
                "3.0": {
                    "F1": 2.490186370417656,
                    "Youden": 2.1721668636906064,
                    "TPR>=0.9": 1.4001783447158827,
                    "AUC": 0.7474489795918366,
                    "AP": 0.26716453218646197
                },
                "5.0": {
                    "F1": 4.106865258985486,
                    "Youden": 2.9740768874991423,
                    "TPR>=0.9": 2.9740768874991423,
                    "AUC": 0.7306397306397306,
                    "AP": 0.3688880086207912
                }
            }
        },
        "jerk_y_filt_abs": {
            "M1": {
                "F1": 4.046896077768432,
                "Youden": 0.9138948235722868,
                "TPR>=0.9": 0.08307705604330279,
                "AUC": 0.5552277260638299,