{
    "person_id": "VP4",
    "fahrt_id": "Szenario 3",
    "thresholds": {
        "acc_x_filt_abs": {
            "M1": {
                "F1": 0.4353925571372673,
                "Youden": 0.3085325134014911,
                "TPR>=0.9": 0.3085325134014911,
                "AUC": 0.44540612516644473,
                "AP": 0.012190763885745625
            },
            "M2": {
                "1.0": {
                    "F1": 0.415664612472132,
                    "Youden": 0.415664612472132,
                    "TPR>=0.9": 0.415664612472132,
                    "AUC": 0.5354838709677419,
                    "AP": 0.026463414634146344
                },
                "3.0": {
                    "F1": 7.287885462803158,
                    "Youden": 2.050396056035128,
                    "TPR>=0.9": 2.050396056035128,
                    "AUC": 0.73,
                    "AP": 0.14
                },
                "5.0": {
                    "F1": 11.21880055907884,
                    "Youden": 4.5467534756355095,
                    "TPR>=0.9": 4.5467534756355095,
                    "AUC": 0.7857142857142857,
                    "AP": 0.5714285714285714
                }
            },
            "M3": {
                "1.0": {
                    "F1": 0.270536999272186,
                    "Youden": 0.270536999272186,
                    "TPR>=0.9": 0.270536999272186,
                    "AUC": 0.4172043010752688,
                    "AP": 0.020777372332926102
                },
                "3.0": {
                    "F1": 0.5875285391024005,
                    "Youden": 0.36949260472331424,
                    "TPR>=0.9": 0.36949260472331424,
                    "AUC": 0.75,
                    "AP": 0.14347826086956522
                },
                "5.0": {
                    "F1": 0.5166026042360512,
                    "Youden": 0.3638311716283944,
                    "TPR>=0.9": 0.3638311716283944,
                    "AUC": 0.6428571428571429,
                    "AP": 0.15555555555555556
                }
            }
        },
        "acc_y_filt_abs": {
            "M1": {
                "F1": 0.007859503689901418,
                "Youden": 0.007859503689901418,
                "TPR>=0.9": 0.06655946987824997,
                "AUC": 0.3563249001331558,
                "AP": 0.01061172405879809
            },
            "M2": {
                "1.0": {
                    "F1": 3.037634460296945,
                    "Youden": 0.3156274160482344,
                    "TPR>=0.9": 0.3156274160482344,
                    "AUC": 0.5483870967741935,
                    "AP": 0.03434791798774044
                },
                "3.0": {
                    "F1": 12.12812424524421,
                    "Youden": 3.7179974612127724,
                    "TPR>=0.9": 3.7179974612127724,
                    "AUC": 0.76,
                    "AP": 0.20833333333333331
                },
                "5.0": {
                    "F1": 17.735857834824582,
                    "Youden": 7.254649848474301,
                    "TPR>=0.9": 7.254649848474301,
                    "AUC": 0.7857142857142858,
                    "AP": 0.3269230769230769
                }
            },
            "M3": {
                "1.0": {
                    "F1": 1.016515195621071,
                    "Youden": 1.016515195621071,
                    "TPR>=0.9": 0.3770627358663379,
                    "AUC": 0.7827956989247311,
                    "AP": 0.20486111111111108
                },
                "3.0": {
                    "F1": 0.7604026935356393,
                    "Youden": 0.7604026935356393,
                    "TPR>=0.9": 0.7604026935356393,
                    "AUC": 0.88,
                    "AP": 0.2
                },
                "5.0": {
                    "F1": 0.6419703968962954,
                    "Youden": 0.6419703968962954,
                    "TPR>=0.9": 0.6419703968962954,
                    "AUC": 0.7857142857142857,
                    "AP": 0.2
                }
            }
        },
        "acc_yaw_filt_abs": {
            "M1": {
                "F1": 0.508314477574813,
                "Youden": 0.3624502314970133,
                "TPR>=0.9": 0.01736581696213027,
                "AUC": 0.5852197070572569,
                "AP": 0.027362887883234783
            },
            "M2": {
                "1.0": {
                    "F1": 0.5664808860078981,
                    "Youden": 0.17643065368218952,
                    "TPR>=0.9": 0.026040919997445972,
                    "AUC": 0.6473118279569893,
                    "AP": 0.1331911295591683
                },
                "3.0": {
                    "F1": 1.0293743811772313,
                    "Youden": 0.6519252773063805,
                    "TPR>=0.9": 0.6519252773063805,
                    "AUC": 0.85,
                    "AP": 0.3125
                },
                "5.0": {
                    "F1": 1.4506413182604188,
                    "Youden": 1.0104034168596068,
                    "TPR>=0.9": 1.0104034168596068,
                    "AUC": 0.9107142857142857,
                    "AP": 0.6428571428571428
                }
            },
            "M3": {
                "1.0": {
                    "F1": 0.027382267861399932,
                    "Youden": 0.019883735948410405,
                    "TPR>=0.9": 0.019883735948410405,
                    "AUC": 0.9225806451612903,
                    "AP": 0.1622222222222222
                },
                "3.0": {
                    "F1": 0.02722102525913971,
                    "Youden": 0.02722102525913971,
                    "TPR>=0.9": 0.02722102525913971,
                    "AUC": 0.93,
                    "AP": 0.29166666666666663
                },
                "5.0": {
                    "F1": 0.022854541996084853,
                    "Youden": 0.022854541996084853,
                    "TPR>=0.9": 0.022854541996084853,
                    "AUC": 0.8928571428571429,
                    "AP": 0.325
                }
            }
        },
        "yaw_filt_abs": {
            "M1": {
                "F1": 0.05209891909935418,
                "Youden": 0.05209891909935418,
                "TPR>=0.9": 0.05209891909935418,
                "AUC": 0.40679094540612515,
                "AP": 0.011461517973998038
            }
        },
        "jerk_x_filt_abs": {
            "M1": {
                "F1": 1.4145998970805165,
                "Youden": 1.1558642633727991,
                "TPR>=0.9": 1.1558642633727991,
                "AUC": 0.7952063914780293,
                "AP": 0.034986104388352895
            },
            "M2": {
                "1.0": {
                    "F1": 1.6063062582329635,
                    "Youden": 0.9338483827981785,
                    "TPR>=0.9": 0.9338483827981785,
                    "AUC": 0.8473118279569892,
                    "AP": 0.09793447293447292
                },
                "3.0": {
                    "F1": 4.604075294722706,
                    "Youden": 4.604075294722706,
                    "TPR>=0.9": 4.604075294722706,
                    "AUC": 0.89,
                    "AP": 0.2111111111111111
                },
                "5.0": {
                    "F1": 9.695521202685207,
                    "Youden": 6.2038669253029095,
                    "TPR>=0.9": 6.2038669253029095,
                    "AUC": 0.9107142857142857,
                    "AP": 0.6428571428571428
                }
            }
        },
        "jerk_y_filt_abs": {
            "M1": {
                "F1": 6.800882771935578,
                "Youden": 4.517682802141098,
                "TPR>=0.9": 0.44969185869041667,
                "AUC": 0.666977363515313,
                "AP": 0.11224432081159583
            },
            "M2": {
                "1.0": {
                    "F1": 5.94177861106209,