{
    "person_id": "VP1",
    "fahrt_id": "Szenario 2",
    "thresholds": {
        "acc_x_filt_abs": {
            "M1": {
                "F1": 1.9560127158986207,
                "Youden": 1.4602095948066207,
                "TPR>=0.9": 1.5171345263782297,
                "AUC": 0.8989717480283519,
                "AP": 0.17690093720263883
            },
            "M2": {
                "1.0": {
                    "F1": 1.7453460715558127,
                    "Youden": 1.4062163834004786,
                    "TPR>=0.9": 1.4062163834004786,
                    "AUC": 0.9016304347826088,
                    "AP": 0.2876351501379657
                },
                "3.0": {
                    "F1": 4.923552084116354,
                    "Youden": 4.923552084116354,
                    "TPR>=0.9": 4.923552084116354,
                    "AUC": 0.8935064935064936,
                    "AP": 0.4554568723017921
                },
                "5.0": {
                    "F1": 5.1126648450217385,
                    "Youden": 5.1126648450217385,
                    "TPR>=0.9": 5.469026437877806,
                    "AUC": 0.8648648648648649,
                    "AP": 0.6544309047169459
                }
            },
            "M3": {
                "1.0": {
                    "F1": 0.466656371061477,
                    "Youden": 0.16548345258058803,
                    "TPR>=0.9": 0.16548345258058803,
                    "AUC": 0.7459239130434783,
                    "AP": 0.18650314379241212
                },
                "3.0": {
                    "F1": 0.3341359050178699,
                    "Youden": 0.3341359050178699,
                    "TPR>=0.9": 0.23672069586489053,
                    "AUC": 0.8324675324675325,
                    "AP": 0.43621576708638876
                },
                "5.0": {
                    "F1": 0.3027839629751398,
                    "Youden": 0.24463647443257888,
                    "TPR>=0.9": 0.24463647443257888,
                    "AUC": 0.7567567567567567,
                    "AP": 0.5070374474699051
                }
            }
        },
        "acc_y_filt_abs": {
            "M1": {
                "F1": 4.1190017989771075,
                "Youden": 3.2760189574194194,
                "TPR>=0.9": 3.4901795556031687,
                "AUC": 0.9606868323849456,
                "AP": 0.4264599380828503
            },
            "M2": {
                "1.0": {
                    "F1": 3.4569769623540285,
                    "Youden": 2.868512123414124,
                    "TPR>=0.9": 2.93313392223971,
                    "AUC": 0.9641304347826086,
                    "AP": 0.6061645805066858
                },
                "3.0": {
                    "F1": 9.815915125272538,
                    "Youden": 8.61713084947539,
                    "TPR>=0.9": 8.61713084947539,
                    "AUC": 0.9441558441558442,
                    "AP": 0.7773554064223921
                },
                "5.0": {
                    "F1": 10.977204742947558,
                    "Youden": 10.08378467985331,
                    "TPR>=0.9": 10.977204742947558,
                    "AUC": 0.9656019656019657,
                    "AP": 0.9091121297003649
                }
            },
            "M3": {
                "1.0": {
                    "F1": 0.39737193082485545,
                    "Youden": 0.37417818058853747,
                    "TPR>=0.9": 0.24013410409422206,
                    "AUC": 0.7869565217391304,
                    "AP": 0.24963929668316248
                },
                "3.0": {
                    "F1": 0.3710637901589546,
                    "Youden": 0.3710637901589546,
                    "TPR>=0.9": 0.3845225838229421,
                    "AUC": 0.8844155844155843,
                    "AP": 0.5924938838251531
                },
                "5.0": {
                    "F1": 0.37716378578375576,
                    "Youden": 0.37716378578375576,
                    "TPR>=0.9": 0.37716378578375576,
                    "AUC": 0.9361179361179361,
                    "AP": 0.8179727135609488
                }
            }
        },
        "acc_yaw_filt_abs": {
            "M1": {
                "F1": 0.5673992957679898,
                "Youden": 0.0632643551276279,
                "TPR>=0.9": 0.06650763774179475,
                "AUC": 0.6798242986922232,
                "AP": 0.16319659136138887
            },
            "M2": {
                "1.0": {
                    "F1": 0.38259755327481193,
                    "Youden": 0.061584983106103115,
                    "TPR>=0.9": 0.061584983106103115,
                    "AUC": 0.6584239130434782,
                    "AP": 0.20635007590019414
                },
                "3.0": {
                    "F1": 0.9785714010313684,
                    "Youden": 0.1831739334457735,
                    "TPR>=0.9": 0.1831739334457735,
                    "AUC": 0.7051948051948052,
                    "AP": 0.38761817506454765
                },
                "5.0": {
                    "F1": 1.1992306258606389,
                    "Youden": 1.1992306258606389,
                    "TPR>=0.9": 0.3647898365513249,
                    "AUC": 0.7444717444717445,
                    "AP": 0.6315720648792749
                }
            },
            "M3": {
                "1.0": {
                    "F1": 0.020466410916502895,
                    "Youden": 0.020466410916502895,
                    "TPR>=0.9": 0.0013736599391066088,
                    "AUC": 0.6453804347826088,
                    "AP": 0.2801755230168621
                },
                "3.0": {
                    "F1": 0.022176554964740067,
                    "Youden": 0.014321824841885107,
                    "TPR>=0.9": 0.0029523609076106496,
                    "AUC": 0.7233766233766233,
                    "AP": 0.5155538311955424
                },
                "5.0": {
                    "F1": 0.018151353980075547,
                    "Youden": 0.018151353980075547,
                    "TPR>=0.9": 0.004912012111757255,
                    "AUC": 0.7616707616707616,
                    "AP": 0.646446242967982
                }
            }
        },
        "yaw_filt_abs": {
            "M1": {
                "F1": 0.9218486146809518,
                "Youden": 0.8405407176715929,
                "TPR>=0.9": 0.767590808938843,
                "AUC": 0.9245083358290905,
                "AP": 0.2518833749862333
            }
        },
        "jerk_x_filt_abs": {
            "M1": {
                "F1": 1.3478611462423813,
                "Youden": 0.8721731419734604,
                "TPR>=0.9": 0.23327241494688664,
                "AUC": 0.6714185883997205,
                "AP": 0.13382543797295102
            },
            "M2": {
                "1.0": {
                    "F1": 0.9357133478415657,
                    "Youden": 0.5462815416709079,
                    "TPR>=0.9": 0.4555846629392905,
                    "AUC": 0.7834239130434782,
                    "AP": 0.27969104409758244
                },
                "3.0": {
                    "F1": 3.743890847420543,
                    "Youden": 3.0883047288172896,
                    "TPR>=0.9": 1.9499114394699075,
                    "AUC": 0.8584415584415584,
                    "AP": 0.6343549345446878
                },
                "5.0": {
                    "F1": 3.7135192661516747,
                    "Youden": 3.7135192661516747,
                    "TPR>=0.9": 3.7135192661516747,
                    "AUC": 0.855036855036855,
                    "AP": 0.6792207792207792
                }
            }
        },
        "jerk_y_filt_abs": {
            "M1": {
                "F1": 1.951347514891562,
                "Youden": 0.9612801546222525,
                "TPR>=0.9": 0.39675836183586344,
                "AUC": 0.7372866127583109,